{
  "cameraMatrix": [
    [1126.00516, 0.0, 1006.32321],
    [0.0, 278.159008, 588.130689],
    [0.0, 0.0, 1.0]
  ],
  "distCoeffs": [
    [4.71659094, 81.164435, -0.454220357, 0.225773922, -445.510608]
  ],
  "rvecs": [
    [-0.25534736],
    [0.64746844],
    [0.98111009]
  ],
  "tvecs": [
    [10.53383823],
    [-18.79197468],
    [46.77667688]
  ]
}