{
  "camera_matrix": [
    [3754.10372, 0.0, 943.194346],
    [0.0, 672.624006, 483.447025],
    [0.0, 0.0, 1.0]
  ],
  "distortion_coefficients": [
    [-3.48729784, 16.15843707, 0.03931484, -0.04492788, 3.77696559]
  ],
  "rotation_vector": [
    [0.34918442],
    [0.56471869],
    [1.01070043]
  ],
  "translation_vector": [
    [3.10050075],
    [-16.3257242],
    [48.46659153]
  ]
}
