{
    "camera_matrix": [
      [1126.00516, 0.0, 1006.32321],
      [0.0, 278.159008, 588.130689],
      [0.0, 0.0, 1.0]
    ],
    "distortion_coefficients": [
      [4.71659094, 81.1644350, -0.454220357, 0.225773922, -445.510608]
    ]
  }
  